Thread-Zahl, Zeit fuer Anfrage (s), Conversation-ID, Message
1, 25.08872127532959, 0, kubernetes 
1, 6.901340007781982, 0, kubernetes 
1, 12.827867269515991, 0, kubernetes 
1, 8.620463609695435, 0, kubernetes 
1, 6.8899266719818115, 0, kubernetes 
1, 5.005437850952148, 0, kubernetes 
1, 5.860836744308472, 0, kubernetes 
1, 7.218018293380737, 0, kubernetes 
1, 4.177670478820801, 0, kubernetes 
1, 6.086344003677368, 0, kubernetes 
1, 4.267613172531128, 0, kubernetes 
1, 5.175878524780273, 0, kubernetes 
1, 5.278131008148193, 0, kubernetes 
1, 5.167386054992676, 0, kubernetes 
1, 5.329331159591675, 0, kubernetes 
1, 5.270013809204102, 0, kubernetes 
1, 5.32541036605835, 0, kubernetes 
1, 5.276476144790649, 0, kubernetes 
1, 5.370638132095337, 0, kubernetes 
1, 5.377168655395508, 0, kubernetes 
1, 5.37905216217041, 0, kubernetes 
1, 5.398504734039307, 0, kubernetes 
1, 5.490753889083862, 0, kubernetes 
1, 5.443663597106934, 0, kubernetes 
1, 5.480417490005493, 0, kubernetes 
1, 5.489145278930664, 0, kubernetes 
1, 5.696192264556885, 0, kubernetes 
1, 6.247095584869385, 0, kubernetes 
1, 6.10228705406189, 0, kubernetes 
1, 6.235173463821411, 0, kubernetes 
1, 6.045297861099243, 0, kubernetes 
1, 5.891835689544678, 0, kubernetes 
1, 5.824108362197876, 0, kubernetes 
1, 5.706580877304077, 0, kubernetes 
1, 5.888093709945679, 0, kubernetes 
1, 5.78047513961792, 0, kubernetes 
1, 5.915462970733643, 0, kubernetes 
1, 6.124858140945435, 0, kubernetes 
1, 6.238502025604248, 0, kubernetes 
1, 5.8703789710998535, 0, kubernetes 
1, 5.787206649780273, 0, kubernetes 
1, 5.791942119598389, 0, kubernetes 
1, 5.752803087234497, 0, kubernetes 
1, 5.773169755935669, 0, kubernetes 
1, 5.853793144226074, 0, kubernetes 
1, 5.883714199066162, 0, kubernetes 
1, 5.990272760391235, 0, kubernetes 
1, 5.867149829864502, 0, kubernetes 
1, 6.003126382827759, 0, kubernetes 
1, 6.214869022369385, 0, kubernetes 
1, 6.105337142944336, 0, kubernetes 
1, 6.288775682449341, 0, kubernetes 
1, 6.0660789012908936, 0, kubernetes 
1, 6.523467302322388, 0, kubernetes 
1, 6.054072141647339, 0, kubernetes 
1, 6.061742782592773, 0, kubernetes 
1, 6.056469917297363, 0, kubernetes 
1, 6.306292772293091, 0, kubernetes 
1, 7.800833463668823, 0, kubernetes 
1, 6.154773712158203, 0, kubernetes 
1, 6.15828275680542, 0, kubernetes 
1, 6.275699615478516, 0, kubernetes 
1, 6.258488178253174, 0, kubernetes 
1, 6.316206693649292, 0, kubernetes 
1, 6.254688501358032, 0, kubernetes 
1, 6.451802730560303, 0, kubernetes 
1, 6.5870680809021, 0, kubernetes 
1, 6.709336280822754, 0, kubernetes 
1, 6.7336976528167725, 0, kubernetes 
1, 6.460663795471191, 0, kubernetes 
1, 8.192911624908447, 0, kubernetes 
1, 6.4588844776153564, 0, kubernetes 
1, 6.57525110244751, 0, kubernetes 
1, 6.620222330093384, 0, kubernetes 
1, 6.57313871383667, 0, kubernetes 
1, 6.646094083786011, 0, kubernetes 
1, 8.250582218170166, 0, kubernetes 
1, 6.569059133529663, 0, kubernetes 
1, 6.664107084274292, 0, kubernetes 
1, 6.812432050704956, 0, kubernetes 
1, 7.078576326370239, 0, kubernetes 
1, 6.766791343688965, 0, kubernetes 
1, 7.088598012924194, 0, kubernetes 
1, 6.6608500480651855, 0, kubernetes 
1, 3.536525249481201, 0, kubernetes 
1, 6.76190447807312, 0, kubernetes 
1, 245.61277770996094, 0, kubernetes 
1, 233.1314549446106, 0, kubernetes 
1, 5.092346429824829, 0, kubernetes 
1, 874.946671962738, 0, kubernetes 
1, 6.994521856307983, 0, kubernetes 
1, 3.7421395778656006, 0, kubernetes 
1, 118.15151572227478, 0, kubernetes 
1, 250.05369091033936, 0, kubernetes 
1, 249.04621767997742, 0, kubernetes 
1, 238.69152450561523, 0, kubernetes 
1, 239.29559469223022, 0, kubernetes 
1, 240.39838218688965, 0, kubernetes 
1, 6.970892906188965, 0, kubernetes 
1, 250.9736566543579, 0, kubernetes 
2, 17.944931030273438, 0, kubernetes 
2, 6.401180267333984, 0, kubernetes 
2, 6.251720905303955, 0, kubernetes 
2, 3.2961480617523193, 0, kubernetes 
2, 3.0578999519348145, 0, kubernetes 
2, 2.6634974479675293, 0, kubernetes 
2, 2.6665101051330566, 0, kubernetes 
2, 2.324544668197632, 0, kubernetes 
2, 2.633995771408081, 0, kubernetes 
2, 2.354254961013794, 0, kubernetes 
2, 2.7254109382629395, 0, kubernetes 
2, 2.1772654056549072, 0, kubernetes 
2, 3.613227128982544, 0, kubernetes 
2, 2.2045252323150635, 0, kubernetes 
2, 2.6035311222076416, 0, kubernetes 
2, 2.1347920894622803, 0, kubernetes 
2, 2.6887383460998535, 0, kubernetes 
2, 2.123225450515747, 0, kubernetes 
2, 2.583078145980835, 0, kubernetes 
2, 2.3753366470336914, 0, kubernetes 
2, 2.575312852859497, 0, kubernetes 
2, 2.12192440032959, 0, kubernetes 
2, 2.5333540439605713, 0, kubernetes 
2, 2.301208257675171, 0, kubernetes 
2, 2.527959108352661, 0, kubernetes 
2, 2.1841204166412354, 0, kubernetes 
2, 2.53788423538208, 0, kubernetes 
2, 2.2149875164031982, 0, kubernetes 
2, 2.662487745285034, 0, kubernetes 
2, 2.285548686981201, 0, kubernetes 
2, 2.5354392528533936, 0, kubernetes 
2, 2.3916282653808594, 0, kubernetes 
2, 2.6763501167297363, 0, kubernetes 
2, 2.318960666656494, 0, kubernetes 
2, 2.531308174133301, 0, kubernetes 
2, 2.325300931930542, 0, kubernetes 
2, 2.6777472496032715, 0, kubernetes 
2, 2.369123935699463, 0, kubernetes 
2, 2.5273876190185547, 0, kubernetes 
2, 2.345263719558716, 0, kubernetes 
2, 2.6295857429504395, 0, kubernetes 
2, 2.2340855598449707, 0, kubernetes 
2, 2.7521579265594482, 0, kubernetes 
2, 2.2294702529907227, 0, kubernetes 
2, 2.9155433177948, 0, kubernetes 
2, 2.386014699935913, 0, kubernetes 
2, 2.811979055404663, 0, kubernetes 
2, 2.224005937576294, 0, kubernetes 
2, 3.029597520828247, 0, kubernetes 
2, 2.4822893142700195, 0, kubernetes 
2, 2.6698288917541504, 0, kubernetes 
2, 2.5352823734283447, 0, kubernetes 
2, 2.7295124530792236, 0, kubernetes 
2, 2.426196575164795, 0, kubernetes 
2, 2.740812301635742, 0, kubernetes 
2, 2.371439218521118, 0, kubernetes 
2, 2.915607452392578, 0, kubernetes 
2, 2.41922664642334, 0, kubernetes 
2, 2.737553834915161, 0, kubernetes 
2, 2.5482306480407715, 0, kubernetes 
2, 2.7353932857513428, 0, kubernetes 
2, 2.540731191635132, 0, kubernetes 
2, 2.8451056480407715, 0, kubernetes 
2, 2.580618381500244, 0, kubernetes 
2, 2.8688406944274902, 0, kubernetes 
2, 2.5666937828063965, 0, kubernetes 
2, 3.572991132736206, 0, kubernetes 
2, 2.764814615249634, 0, kubernetes 
2, 2.937927007675171, 0, kubernetes 
2, 2.4309561252593994, 0, kubernetes 
2, 2.9550838470458984, 0, kubernetes 
2, 2.4305386543273926, 0, kubernetes 
2, 3.0152766704559326, 0, kubernetes 
2, 2.4541025161743164, 0, kubernetes 
2, 2.9114794731140137, 0, kubernetes 
2, 2.4299914836883545, 0, kubernetes 
2, 3.005629062652588, 0, kubernetes 
2, 2.5283780097961426, 0, kubernetes 
2, 3.029686450958252, 0, kubernetes 
2, 2.5809435844421387, 0, kubernetes 
2, 3.0136919021606445, 0, kubernetes 
2, 2.5530753135681152, 0, kubernetes 
2, 3.025895118713379, 0, kubernetes 
2, 2.551422357559204, 0, kubernetes 
2, 3.0191469192504883, 0, kubernetes 
2, 2.668337345123291, 0, kubernetes 
2, 2.9338696002960205, 0, kubernetes 
2, 2.7140212059020996, 0, kubernetes 
2, 2.967665672302246, 0, kubernetes 
2, 2.604133129119873, 0, kubernetes 
2, 3.0345652103424072, 0, kubernetes 
2, 2.6423022747039795, 0, kubernetes 
2, 3.0473151206970215, 0, kubernetes 
2, 2.7940592765808105, 0, kubernetes 
2, 3.11445689201355, 0, kubernetes 
2, 2.634760618209839, 0, kubernetes 
2, 3.1966679096221924, 0, kubernetes 
2, 2.6713197231292725, 0, kubernetes 
2, 3.154850721359253, 0, kubernetes 
2, 2.6447503566741943, 0, kubernetes 
3, 9.160341501235962, 0, kubernetes 
3, 7.597158670425415, 0, kubernetes 
3, 4.440905809402466, 0, kubernetes 
3, 5.2898924350738525, 0, kubernetes 
3, 5.3496010303497314, 0, kubernetes 
3, 3.7749767303466797, 0, kubernetes 
3, 4.305859565734863, 0, kubernetes 
3, 4.108490943908691, 0, kubernetes 
3, 4.028957366943359, 0, kubernetes 
3, 3.7939400672912598, 0, kubernetes 
3, 4.035091876983643, 0, kubernetes 
3, 4.21901798248291, 0, kubernetes 
3, 4.3380115032196045, 0, kubernetes 
3, 4.247491836547852, 0, kubernetes 
3, 4.142860174179077, 0, kubernetes 
3, 4.46537971496582, 0, kubernetes 
3, 4.302146911621094, 0, kubernetes 
3, 4.166035890579224, 0, kubernetes 
3, 4.202622652053833, 0, kubernetes 
3, 4.818780422210693, 0, kubernetes 
3, 4.21768593788147, 0, kubernetes 
3, 4.239985704421997, 0, kubernetes 
3, 4.177326202392578, 0, kubernetes 
3, 4.563270330429077, 0, kubernetes 
3, 4.831962585449219, 0, kubernetes 
3, 4.437215805053711, 0, kubernetes 
3, 5.16813063621521, 0, kubernetes 
3, 5.0828537940979, 0, kubernetes 
3, 5.234337568283081, 0, kubernetes 
3, 4.8643999099731445, 0, kubernetes 
3, 4.89095401763916, 0, kubernetes 
3, 4.80826735496521, 0, kubernetes 
3, 4.915306329727173, 0, kubernetes 
3, 4.989466905593872, 0, kubernetes 
3, 4.967695474624634, 0, kubernetes 
3, 4.730482816696167, 0, kubernetes 
3, 4.53067421913147, 0, kubernetes 
3, 4.5486297607421875, 0, kubernetes 
3, 4.540920734405518, 0, kubernetes 
3, 4.576557874679565, 0, kubernetes 
3, 4.529573917388916, 0, kubernetes 
3, 4.485401391983032, 0, kubernetes 
3, 4.561755657196045, 0, kubernetes 
3, 4.562262773513794, 0, kubernetes 
3, 4.629162073135376, 0, kubernetes 
3, 4.560290098190308, 0, kubernetes 
3, 4.60155177116394, 0, kubernetes 
3, 4.528696298599243, 0, kubernetes 
3, 4.788531064987183, 0, kubernetes 
3, 4.623088836669922, 0, kubernetes 
3, 4.701051235198975, 0, kubernetes 
3, 4.633729457855225, 0, kubernetes 
3, 4.790726900100708, 0, kubernetes 
3, 4.635415077209473, 0, kubernetes 
3, 4.860861539840698, 0, kubernetes 
3, 4.801105260848999, 0, kubernetes 
3, 4.983792543411255, 0, kubernetes 
3, 4.90233039855957, 0, kubernetes 
3, 4.968412160873413, 0, kubernetes 
3, 1.693509817123413, 0, kubernetes 
3, 5.754473447799683, 0, kubernetes 
3, 92.20063805580139, 0, kubernetes 
3, 88.9439537525177, 0, kubernetes 
3, 5.32307767868042, 0, kubernetes 
3, 90.58024048805237, 0, kubernetes 
3, 90.27648258209229, 0, kubernetes 
3, 90.01319932937622, 0, kubernetes 
3, 83.7609474658966, 0, kubernetes 
3, 5.348345041275024, 0, kubernetes 
3, 89.17557144165039, 0, kubernetes 
3, 90.27773118019104, 0, kubernetes 
3, 90.19766426086426, 0, kubernetes 
3, 93.65477442741394, 0, kubernetes 
3, 90.26026630401611, 0, kubernetes 
3, 90.1960940361023, 0, kubernetes 
3, 88.83034062385559, 0, kubernetes 
3, 90.13577938079834, 0, kubernetes 
3, 91.6406352519989, 0, kubernetes 
3, 360.32512164115906, 0, kubernetes 
3, 92.75055122375488, 0, kubernetes 
3, 91.55794191360474, 0, kubernetes 
3, 90.00693392753601, 0, kubernetes 
3, 91.12158679962158, 0, kubernetes 
3, 89.32082438468933, 0, kubernetes 
3, 89.46967315673828, 0, kubernetes 
3, 90.34052443504333, 0, kubernetes 
3, 90.53398323059082, 0, kubernetes 
3, 90.067147731781, 0, kubernetes 
3, 91.04685950279236, 0, kubernetes 
3, 91.36019492149353, 0, kubernetes 
3, 92.51540732383728, 0, kubernetes 
3, 90.72127795219421, 0, kubernetes 
3, 92.89858555793762, 0, kubernetes 
3, 91.40023183822632, 0, kubernetes 
3, 91.25068187713623, 0, kubernetes 
4, 16.52952480316162, 0, kubernetes 
4, 4.1083972454071045, 0, kubernetes 
4, 9.324174880981445, 0, kubernetes 
4, 2.613126516342163, 0, kubernetes 
4, 1.5184764862060547, 0, kubernetes 
4, 1.520677089691162, 0, kubernetes 
4, 1.5993351936340332, 0, kubernetes 
4, 1.6028485298156738, 0, kubernetes 
4, 1.4717674255371094, 0, kubernetes 
4, 1.5943572521209717, 0, kubernetes 
4, 1.4900493621826172, 0, kubernetes 
4, 1.5404324531555176, 0, kubernetes 
4, 1.471332311630249, 0, kubernetes 
4, 1.509964942932129, 0, kubernetes 
4, 1.5759623050689697, 0, kubernetes 
4, 1.4967985153198242, 0, kubernetes 
4, 1.522265911102295, 0, kubernetes 
4, 1.5158476829528809, 0, kubernetes 
4, 1.7409839630126953, 0, kubernetes 
4, 1.5362448692321777, 0, kubernetes 
4, 1.57145094871521, 0, kubernetes 
4, 1.58949613571167, 0, kubernetes 
4, 1.638983964920044, 0, kubernetes 
4, 1.6494946479797363, 0, kubernetes 
4, 1.5571670532226562, 0, kubernetes 
4, 1.8219780921936035, 0, kubernetes 
4, 1.736504316329956, 0, kubernetes 
4, 1.6855933666229248, 0, kubernetes 
4, 1.6166610717773438, 0, kubernetes 
4, 1.5643558502197266, 0, kubernetes 
4, 1.5354158878326416, 0, kubernetes 
4, 1.5638542175292969, 0, kubernetes 
4, 1.89974045753479, 0, kubernetes 
4, 1.7769534587860107, 0, kubernetes 
4, 1.7057335376739502, 0, kubernetes 
4, 1.696202278137207, 0, kubernetes 
4, 1.5741863250732422, 0, kubernetes 
4, 1.5375056266784668, 0, kubernetes 
4, 1.635939121246338, 0, kubernetes 
4, 1.6732451915740967, 0, kubernetes 
4, 1.6492741107940674, 0, kubernetes 
4, 1.7838549613952637, 0, kubernetes 
4, 1.7563228607177734, 0, kubernetes 
4, 1.8345704078674316, 0, kubernetes 
4, 1.9973673820495605, 0, kubernetes 
4, 1.7532494068145752, 0, kubernetes 
4, 1.6955842971801758, 0, kubernetes 
4, 1.5435962677001953, 0, kubernetes 
4, 1.7919032573699951, 0, kubernetes 
4, 1.7346389293670654, 0, kubernetes 
4, 1.6804163455963135, 0, kubernetes 
4, 2.0482237339019775, 0, kubernetes 
4, 2.223766803741455, 0, kubernetes 
4, 1.961271047592163, 0, kubernetes 
4, 1.958939552307129, 0, kubernetes 
4, 1.736219882965088, 0, kubernetes 
4, 2.0185816287994385, 0, kubernetes 
4, 1.9265892505645752, 0, kubernetes 
4, 1.8669114112854004, 0, kubernetes 
4, 1.9505040645599365, 0, kubernetes 
4, 1.8947834968566895, 0, kubernetes 
4, 1.8704206943511963, 0, kubernetes 
4, 1.9019715785980225, 0, kubernetes 
4, 1.9021015167236328, 0, kubernetes 
4, 1.9739484786987305, 0, kubernetes 
4, 1.9160566329956055, 0, kubernetes 
4, 2.0340614318847656, 0, kubernetes 
4, 1.9081811904907227, 0, kubernetes 
4, 1.9765737056732178, 0, kubernetes 
4, 2.0205843448638916, 0, kubernetes 
4, 2.2320964336395264, 0, kubernetes 
4, 2.020404815673828, 0, kubernetes 
4, 2.0514872074127197, 0, kubernetes 
4, 1.9609088897705078, 0, kubernetes 
4, 1.9698262214660645, 0, kubernetes 
4, 2.0884320735931396, 0, kubernetes 
4, 1.9568617343902588, 0, kubernetes 
4, 1.9822099208831787, 0, kubernetes 
4, 1.9279592037200928, 0, kubernetes 
4, 1.8837788105010986, 0, kubernetes 
4, 2.0993309020996094, 0, kubernetes 
4, 1.8809685707092285, 0, kubernetes 
4, 2.1567344665527344, 0, kubernetes 
4, 1.965559959411621, 0, kubernetes 
4, 1.9821586608886719, 0, kubernetes 
4, 1.9037108421325684, 0, kubernetes 
4, 1.9368679523468018, 0, kubernetes 
4, 2.1132616996765137, 0, kubernetes 
4, 2.0116593837738037, 0, kubernetes 
4, 2.0889434814453125, 0, kubernetes 
4, 2.0231306552886963, 0, kubernetes 
4, 2.0439629554748535, 0, kubernetes 
4, 2.157388925552368, 0, kubernetes 
4, 2.0780575275421143, 0, kubernetes 
4, 2.1333236694335938, 0, kubernetes 
4, 2.282304286956787, 0, kubernetes 
4, 2.0185699462890625, 0, kubernetes 
4, 2.1094119548797607, 0, kubernetes 
4, 2.1939520835876465, 0, kubernetes 
4, 2.092580795288086, 0, kubernetes 
